image,type
D:\labs\painty_tool\imgs/1.bmp,1
D:\labs\painty_tool\imgs/2.bmp,1
D:\labs\painty_tool\imgs/3.bmp,1
D:\labs\painty_tool\imgs/4.bmp,1
D:\labs\painty_tool\imgs/5.bmp,1
D:\labs\painty_tool\imgs/6.bmp,1
D:\labs\painty_tool\imgs/7.bmp,1
D:\labs\painty_tool\imgs/8.bmp,1
D:\labs\painty_tool\imgs/9.bmp,1
D:\labs\painty_tool\imgs/10.bmp,1
D:\labs\painty_tool\imgs/11.bmp,1
D:\labs\painty_tool\imgs/12.bmp,1
D:\labs\painty_tool\imgs/13.bmp,1
D:\labs\painty_tool\imgs/14.bmp,1
D:\labs\painty_tool\imgs/15.bmp,1
D:\labs\painty_tool\imgs/16.bmp,1
D:\labs\painty_tool\imgs/17.bmp,1
D:\labs\painty_tool\imgs/18.bmp,1
D:\labs\painty_tool\imgs/19.bmp,1
D:\labs\painty_tool\imgs/20.bmp,1
D:\labs\painty_tool\imgs/21.bmp,1
D:\labs\painty_tool\imgs/22.bmp,1
D:\labs\painty_tool\imgs/23.bmp,1
D:\labs\painty_tool\imgs/24.bmp,1
D:\labs\painty_tool\imgs/25.bmp,1
D:\labs\painty_tool\imgs/26.bmp,1
D:\labs\painty_tool\imgs/27.bmp,1
D:\labs\painty_tool\imgs/28.bmp,1
D:\labs\painty_tool\imgs/29.bmp,1
D:\labs\painty_tool\imgs/30.bmp,1
D:\labs\painty_tool\imgs/31.bmp,1
D:\labs\painty_tool\imgs/32.bmp,1
D:\labs\painty_tool\imgs/33.bmp,1
D:\labs\painty_tool\imgs/34.bmp,1
D:\labs\painty_tool\imgs/35.bmp,1
D:\labs\painty_tool\imgs/36.bmp,1
D:\labs\painty_tool\imgs/37.bmp,1
D:\labs\painty_tool\imgs/38.bmp,1
D:\labs\painty_tool\imgs/39.bmp,1
D:\labs\painty_tool\imgs/40.bmp,1
D:\labs\painty_tool\imgs/41.bmp,1
D:\labs\painty_tool\imgs/42.bmp,1
D:\labs\painty_tool\imgs/43.bmp,1
D:\labs\painty_tool\imgs/44.bmp,1
D:\labs\painty_tool\imgs/45.bmp,1
D:\labs\painty_tool\imgs/46.bmp,1
D:\labs\painty_tool\imgs/47.bmp,1
D:\labs\painty_tool\imgs/48.bmp,1
D:\labs\painty_tool\imgs/49.bmp,1
D:\labs\painty_tool\imgs/50.bmp,1
D:\labs\painty_tool\imgs/51.bmp,1
D:\labs\painty_tool\imgs/52.bmp,1
D:\labs\painty_tool\imgs/53.bmp,1
D:\labs\painty_tool\imgs/54.bmp,1
D:\labs\painty_tool\imgs/55.bmp,1
D:\labs\painty_tool\imgs/56.bmp,1
D:\labs\painty_tool\imgs/57.bmp,1
D:\labs\painty_tool\imgs/58.bmp,1
D:\labs\painty_tool\imgs/59.bmp,1
D:\labs\painty_tool\imgs/60.bmp,1
D:\labs\painty_tool\imgs/61.bmp,1
D:\labs\painty_tool\imgs/62.bmp,1
D:\labs\painty_tool\imgs/63.bmp,1
D:\labs\painty_tool\imgs/64.bmp,1
D:\labs\painty_tool\imgs/65.bmp,1
D:\labs\painty_tool\imgs/66.bmp,1
D:\labs\painty_tool\imgs/67.bmp,1
D:\labs\painty_tool\imgs/68.bmp,1
D:\labs\painty_tool\imgs/69.bmp,1
D:\labs\painty_tool\imgs/70.bmp,1
D:\labs\painty_tool\imgs/71.bmp,1
D:\labs\painty_tool\imgs/72.bmp,1
D:\labs\painty_tool\imgs/73.bmp,1
D:\labs\painty_tool\imgs/74.bmp,1
D:\labs\painty_tool\imgs/75.bmp,1
D:\labs\painty_tool\imgs/76.bmp,1
D:\labs\painty_tool\imgs/77.bmp,1
D:\labs\painty_tool\imgs/78.bmp,1
D:\labs\painty_tool\imgs/79.bmp,1
D:\labs\painty_tool\imgs/80.bmp,1
D:\labs\painty_tool\imgs/81.bmp,1
D:\labs\painty_tool\imgs/82.bmp,1
D:\labs\painty_tool\imgs/83.bmp,1
D:\labs\painty_tool\imgs/84.bmp,1
D:\labs\painty_tool\imgs/85.bmp,1
D:\labs\painty_tool\imgs/86.bmp,1
D:\labs\painty_tool\imgs/87.bmp,1
D:\labs\painty_tool\imgs/88.bmp,1
D:\labs\painty_tool\imgs/89.bmp,1
D:\labs\painty_tool\imgs/90.bmp,1
D:\labs\painty_tool\imgs/91.bmp,1
D:\labs\painty_tool\imgs/92.bmp,1
D:\labs\painty_tool\imgs/93.bmp,1
D:\labs\painty_tool\imgs/94.bmp,1
D:\labs\painty_tool\imgs/95.bmp,1
D:\labs\painty_tool\imgs/96.bmp,1
D:\labs\painty_tool\imgs/97.bmp,1
D:\labs\painty_tool\imgs/98.bmp,1
D:\labs\painty_tool\imgs/99.bmp,1
D:\labs\painty_tool\imgs/100.bmp,1
D:\labs\painty_tool\imgs/101.bmp,2
D:\labs\painty_tool\imgs/102.bmp,2
D:\labs\painty_tool\imgs/103.bmp,2
D:\labs\painty_tool\imgs/104.bmp,2
D:\labs\painty_tool\imgs/105.bmp,2
D:\labs\painty_tool\imgs/106.bmp,2
D:\labs\painty_tool\imgs/107.bmp,2
D:\labs\painty_tool\imgs/108.bmp,2
D:\labs\painty_tool\imgs/109.bmp,2
D:\labs\painty_tool\imgs/110.bmp,2
D:\labs\painty_tool\imgs/111.bmp,2
D:\labs\painty_tool\imgs/112.bmp,2
D:\labs\painty_tool\imgs/113.bmp,2
D:\labs\painty_tool\imgs/114.bmp,2
D:\labs\painty_tool\imgs/115.bmp,2
D:\labs\painty_tool\imgs/116.bmp,2
D:\labs\painty_tool\imgs/117.bmp,2
D:\labs\painty_tool\imgs/118.bmp,2
D:\labs\painty_tool\imgs/119.bmp,2
D:\labs\painty_tool\imgs/120.bmp,2
D:\labs\painty_tool\imgs/121.bmp,2
D:\labs\painty_tool\imgs/122.bmp,2
D:\labs\painty_tool\imgs/123.bmp,2
D:\labs\painty_tool\imgs/124.bmp,2
D:\labs\painty_tool\imgs/125.bmp,2
D:\labs\painty_tool\imgs/126.bmp,2
D:\labs\painty_tool\imgs/127.bmp,2
D:\labs\painty_tool\imgs/128.bmp,2
D:\labs\painty_tool\imgs/129.bmp,2
D:\labs\painty_tool\imgs/130.bmp,2
D:\labs\painty_tool\imgs/131.bmp,2
D:\labs\painty_tool\imgs/132.bmp,2
D:\labs\painty_tool\imgs/133.bmp,2
D:\labs\painty_tool\imgs/134.bmp,2
D:\labs\painty_tool\imgs/135.bmp,2
D:\labs\painty_tool\imgs/136.bmp,2
D:\labs\painty_tool\imgs/137.bmp,2
D:\labs\painty_tool\imgs/138.bmp,2
D:\labs\painty_tool\imgs/139.bmp,2
D:\labs\painty_tool\imgs/140.bmp,2
D:\labs\painty_tool\imgs/141.bmp,2
D:\labs\painty_tool\imgs/142.bmp,2
D:\labs\painty_tool\imgs/143.bmp,2
D:\labs\painty_tool\imgs/144.bmp,2
D:\labs\painty_tool\imgs/145.bmp,2
D:\labs\painty_tool\imgs/146.bmp,2
D:\labs\painty_tool\imgs/147.bmp,2
D:\labs\painty_tool\imgs/148.bmp,2
D:\labs\painty_tool\imgs/149.bmp,2
D:\labs\painty_tool\imgs/150.bmp,2
D:\labs\painty_tool\imgs/151.bmp,2
D:\labs\painty_tool\imgs/152.bmp,2
D:\labs\painty_tool\imgs/153.bmp,2
D:\labs\painty_tool\imgs/154.bmp,2
D:\labs\painty_tool\imgs/155.bmp,2
D:\labs\painty_tool\imgs/156.bmp,2
D:\labs\painty_tool\imgs/157.bmp,2
D:\labs\painty_tool\imgs/158.bmp,2
D:\labs\painty_tool\imgs/159.bmp,2
D:\labs\painty_tool\imgs/160.bmp,2
D:\labs\painty_tool\imgs/161.bmp,2
D:\labs\painty_tool\imgs/162.bmp,2
D:\labs\painty_tool\imgs/163.bmp,2
D:\labs\painty_tool\imgs/164.bmp,2
D:\labs\painty_tool\imgs/165.bmp,2
D:\labs\painty_tool\imgs/166.bmp,2
D:\labs\painty_tool\imgs/167.bmp,2
D:\labs\painty_tool\imgs/168.bmp,2
D:\labs\painty_tool\imgs/169.bmp,2
D:\labs\painty_tool\imgs/170.bmp,2
D:\labs\painty_tool\imgs/171.bmp,2
D:\labs\painty_tool\imgs/172.bmp,2
D:\labs\painty_tool\imgs/173.bmp,2
D:\labs\painty_tool\imgs/174.bmp,2
D:\labs\painty_tool\imgs/175.bmp,2
D:\labs\painty_tool\imgs/176.bmp,2
D:\labs\painty_tool\imgs/177.bmp,2
D:\labs\painty_tool\imgs/178.bmp,2
D:\labs\painty_tool\imgs/179.bmp,2
D:\labs\painty_tool\imgs/180.bmp,2
D:\labs\painty_tool\imgs/181.bmp,2
D:\labs\painty_tool\imgs/182.bmp,2
D:\labs\painty_tool\imgs/183.bmp,2
D:\labs\painty_tool\imgs/184.bmp,2
D:\labs\painty_tool\imgs/185.bmp,2
D:\labs\painty_tool\imgs/186.bmp,2
D:\labs\painty_tool\imgs/187.bmp,2
D:\labs\painty_tool\imgs/188.bmp,2
D:\labs\painty_tool\imgs/189.bmp,2
D:\labs\painty_tool\imgs/190.bmp,2
D:\labs\painty_tool\imgs/191.bmp,2
D:\labs\painty_tool\imgs/192.bmp,2
D:\labs\painty_tool\imgs/193.bmp,2
D:\labs\painty_tool\imgs/194.bmp,2
D:\labs\painty_tool\imgs/195.bmp,2
D:\labs\painty_tool\imgs/196.bmp,2
D:\labs\painty_tool\imgs/197.bmp,2
D:\labs\painty_tool\imgs/198.bmp,2
D:\labs\painty_tool\imgs/199.bmp,2
D:\labs\painty_tool\imgs/200.bmp,2
D:\labs\painty_tool\imgs/201.bmp,3
D:\labs\painty_tool\imgs/202.bmp,3
D:\labs\painty_tool\imgs/203.bmp,3
D:\labs\painty_tool\imgs/204.bmp,3
D:\labs\painty_tool\imgs/205.bmp,3
D:\labs\painty_tool\imgs/206.bmp,3
D:\labs\painty_tool\imgs/207.bmp,3
D:\labs\painty_tool\imgs/208.bmp,3
D:\labs\painty_tool\imgs/209.bmp,3
D:\labs\painty_tool\imgs/210.bmp,3
D:\labs\painty_tool\imgs/211.bmp,3
D:\labs\painty_tool\imgs/212.bmp,3
D:\labs\painty_tool\imgs/213.bmp,3
D:\labs\painty_tool\imgs/214.bmp,3
D:\labs\painty_tool\imgs/215.bmp,3
D:\labs\painty_tool\imgs/216.bmp,3
D:\labs\painty_tool\imgs/217.bmp,3
D:\labs\painty_tool\imgs/218.bmp,3
D:\labs\painty_tool\imgs/219.bmp,3
D:\labs\painty_tool\imgs/220.bmp,3
D:\labs\painty_tool\imgs/221.bmp,3
D:\labs\painty_tool\imgs/222.bmp,3
D:\labs\painty_tool\imgs/223.bmp,3
D:\labs\painty_tool\imgs/224.bmp,3
D:\labs\painty_tool\imgs/225.bmp,3
D:\labs\painty_tool\imgs/226.bmp,3
D:\labs\painty_tool\imgs/227.bmp,3
D:\labs\painty_tool\imgs/228.bmp,3
D:\labs\painty_tool\imgs/229.bmp,3
D:\labs\painty_tool\imgs/230.bmp,3
D:\labs\painty_tool\imgs/231.bmp,3
D:\labs\painty_tool\imgs/232.bmp,3
D:\labs\painty_tool\imgs/233.bmp,3
D:\labs\painty_tool\imgs/234.bmp,3
D:\labs\painty_tool\imgs/235.bmp,3
D:\labs\painty_tool\imgs/236.bmp,3
D:\labs\painty_tool\imgs/237.bmp,3
D:\labs\painty_tool\imgs/238.bmp,3
D:\labs\painty_tool\imgs/239.bmp,3
D:\labs\painty_tool\imgs/240.bmp,3
D:\labs\painty_tool\imgs/241.bmp,3
D:\labs\painty_tool\imgs/242.bmp,3
D:\labs\painty_tool\imgs/243.bmp,3
D:\labs\painty_tool\imgs/244.bmp,3
D:\labs\painty_tool\imgs/245.bmp,3
D:\labs\painty_tool\imgs/246.bmp,3
D:\labs\painty_tool\imgs/247.bmp,3
D:\labs\painty_tool\imgs/248.bmp,3
D:\labs\painty_tool\imgs/249.bmp,3
D:\labs\painty_tool\imgs/250.bmp,3
D:\labs\painty_tool\imgs/251.bmp,3
D:\labs\painty_tool\imgs/252.bmp,3
D:\labs\painty_tool\imgs/253.bmp,3
D:\labs\painty_tool\imgs/254.bmp,3
D:\labs\painty_tool\imgs/255.bmp,3
D:\labs\painty_tool\imgs/256.bmp,3
D:\labs\painty_tool\imgs/257.bmp,3
D:\labs\painty_tool\imgs/258.bmp,3
D:\labs\painty_tool\imgs/259.bmp,3
D:\labs\painty_tool\imgs/260.bmp,3
D:\labs\painty_tool\imgs/261.bmp,3
D:\labs\painty_tool\imgs/262.bmp,3
D:\labs\painty_tool\imgs/263.bmp,3
D:\labs\painty_tool\imgs/264.bmp,3
D:\labs\painty_tool\imgs/265.bmp,3
D:\labs\painty_tool\imgs/266.bmp,3
D:\labs\painty_tool\imgs/267.bmp,3
D:\labs\painty_tool\imgs/268.bmp,3
D:\labs\painty_tool\imgs/269.bmp,3
D:\labs\painty_tool\imgs/270.bmp,3
D:\labs\painty_tool\imgs/271.bmp,3
D:\labs\painty_tool\imgs/272.bmp,3
D:\labs\painty_tool\imgs/273.bmp,3
D:\labs\painty_tool\imgs/274.bmp,3
D:\labs\painty_tool\imgs/275.bmp,3
D:\labs\painty_tool\imgs/276.bmp,3
D:\labs\painty_tool\imgs/277.bmp,3
D:\labs\painty_tool\imgs/278.bmp,3
D:\labs\painty_tool\imgs/279.bmp,3
D:\labs\painty_tool\imgs/280.bmp,3
D:\labs\painty_tool\imgs/281.bmp,3
D:\labs\painty_tool\imgs/282.bmp,3
D:\labs\painty_tool\imgs/283.bmp,3
D:\labs\painty_tool\imgs/284.bmp,3
D:\labs\painty_tool\imgs/285.bmp,3
D:\labs\painty_tool\imgs/286.bmp,3
D:\labs\painty_tool\imgs/287.bmp,3
D:\labs\painty_tool\imgs/288.bmp,3
D:\labs\painty_tool\imgs/289.bmp,3
D:\labs\painty_tool\imgs/290.bmp,3
D:\labs\painty_tool\imgs/291.bmp,3
D:\labs\painty_tool\imgs/292.bmp,3
D:\labs\painty_tool\imgs/293.bmp,3
D:\labs\painty_tool\imgs/294.bmp,3
D:\labs\painty_tool\imgs/295.bmp,3
D:\labs\painty_tool\imgs/296.bmp,3
D:\labs\painty_tool\imgs/297.bmp,3
D:\labs\painty_tool\imgs/298.bmp,3
D:\labs\painty_tool\imgs/299.bmp,3
D:\labs\painty_tool\imgs/300.bmp,3
D:\labs\painty_tool\imgs/301.bmp,4
D:\labs\painty_tool\imgs/302.bmp,4
D:\labs\painty_tool\imgs/303.bmp,4
D:\labs\painty_tool\imgs/304.bmp,4
D:\labs\painty_tool\imgs/305.bmp,4
D:\labs\painty_tool\imgs/306.bmp,4
D:\labs\painty_tool\imgs/307.bmp,4
D:\labs\painty_tool\imgs/308.bmp,4
D:\labs\painty_tool\imgs/309.bmp,4
D:\labs\painty_tool\imgs/310.bmp,4
D:\labs\painty_tool\imgs/311.bmp,4
D:\labs\painty_tool\imgs/312.bmp,4
D:\labs\painty_tool\imgs/313.bmp,4
D:\labs\painty_tool\imgs/314.bmp,4
D:\labs\painty_tool\imgs/315.bmp,4
D:\labs\painty_tool\imgs/316.bmp,4
D:\labs\painty_tool\imgs/317.bmp,4
D:\labs\painty_tool\imgs/318.bmp,4
D:\labs\painty_tool\imgs/319.bmp,4
D:\labs\painty_tool\imgs/320.bmp,4
D:\labs\painty_tool\imgs/321.bmp,4
D:\labs\painty_tool\imgs/322.bmp,4
D:\labs\painty_tool\imgs/323.bmp,4
D:\labs\painty_tool\imgs/324.bmp,4
D:\labs\painty_tool\imgs/325.bmp,4
D:\labs\painty_tool\imgs/326.bmp,4
D:\labs\painty_tool\imgs/327.bmp,4
D:\labs\painty_tool\imgs/328.bmp,4
D:\labs\painty_tool\imgs/329.bmp,4
D:\labs\painty_tool\imgs/330.bmp,4
D:\labs\painty_tool\imgs/331.bmp,4
D:\labs\painty_tool\imgs/332.bmp,4
D:\labs\painty_tool\imgs/333.bmp,4
D:\labs\painty_tool\imgs/334.bmp,4
D:\labs\painty_tool\imgs/335.bmp,4
D:\labs\painty_tool\imgs/336.bmp,4
D:\labs\painty_tool\imgs/337.bmp,4
D:\labs\painty_tool\imgs/338.bmp,4
D:\labs\painty_tool\imgs/339.bmp,4
D:\labs\painty_tool\imgs/340.bmp,4
D:\labs\painty_tool\imgs/341.bmp,4
D:\labs\painty_tool\imgs/342.bmp,4
D:\labs\painty_tool\imgs/343.bmp,4
D:\labs\painty_tool\imgs/344.bmp,4
D:\labs\painty_tool\imgs/345.bmp,4
D:\labs\painty_tool\imgs/346.bmp,4
D:\labs\painty_tool\imgs/347.bmp,4
D:\labs\painty_tool\imgs/348.bmp,4
D:\labs\painty_tool\imgs/349.bmp,4
D:\labs\painty_tool\imgs/350.bmp,4
D:\labs\painty_tool\imgs/351.bmp,4
D:\labs\painty_tool\imgs/352.bmp,4
D:\labs\painty_tool\imgs/353.bmp,4
D:\labs\painty_tool\imgs/354.bmp,4
D:\labs\painty_tool\imgs/355.bmp,4
D:\labs\painty_tool\imgs/356.bmp,4
D:\labs\painty_tool\imgs/357.bmp,4
D:\labs\painty_tool\imgs/358.bmp,4
D:\labs\painty_tool\imgs/359.bmp,4
D:\labs\painty_tool\imgs/360.bmp,4
D:\labs\painty_tool\imgs/361.bmp,4
D:\labs\painty_tool\imgs/362.bmp,4
D:\labs\painty_tool\imgs/363.bmp,4
D:\labs\painty_tool\imgs/364.bmp,4
D:\labs\painty_tool\imgs/365.bmp,4
D:\labs\painty_tool\imgs/366.bmp,4
D:\labs\painty_tool\imgs/367.bmp,4
D:\labs\painty_tool\imgs/368.bmp,4
D:\labs\painty_tool\imgs/369.bmp,4
D:\labs\painty_tool\imgs/370.bmp,4
D:\labs\painty_tool\imgs/371.bmp,4
D:\labs\painty_tool\imgs/372.bmp,4
D:\labs\painty_tool\imgs/373.bmp,4
D:\labs\painty_tool\imgs/374.bmp,4
D:\labs\painty_tool\imgs/375.bmp,4
D:\labs\painty_tool\imgs/376.bmp,4
D:\labs\painty_tool\imgs/377.bmp,4
D:\labs\painty_tool\imgs/378.bmp,4
D:\labs\painty_tool\imgs/379.bmp,4
D:\labs\painty_tool\imgs/380.bmp,4
D:\labs\painty_tool\imgs/381.bmp,4
D:\labs\painty_tool\imgs/382.bmp,4
D:\labs\painty_tool\imgs/383.bmp,4
D:\labs\painty_tool\imgs/384.bmp,4
D:\labs\painty_tool\imgs/385.bmp,4
D:\labs\painty_tool\imgs/386.bmp,4
D:\labs\painty_tool\imgs/387.bmp,4
D:\labs\painty_tool\imgs/388.bmp,4
D:\labs\painty_tool\imgs/389.bmp,4
D:\labs\painty_tool\imgs/390.bmp,4
D:\labs\painty_tool\imgs/391.bmp,4
D:\labs\painty_tool\imgs/392.bmp,4
D:\labs\painty_tool\imgs/393.bmp,4
D:\labs\painty_tool\imgs/394.bmp,4
D:\labs\painty_tool\imgs/395.bmp,4
D:\labs\painty_tool\imgs/396.bmp,4
D:\labs\painty_tool\imgs/397.bmp,4
D:\labs\painty_tool\imgs/398.bmp,4
D:\labs\painty_tool\imgs/399.bmp,4
D:\labs\painty_tool\imgs/400.bmp,4
D:\labs\painty_tool\imgs/401.bmp,5
D:\labs\painty_tool\imgs/402.bmp,5
D:\labs\painty_tool\imgs/403.bmp,5
D:\labs\painty_tool\imgs/404.bmp,5
D:\labs\painty_tool\imgs/405.bmp,5
D:\labs\painty_tool\imgs/406.bmp,5
D:\labs\painty_tool\imgs/407.bmp,5
D:\labs\painty_tool\imgs/408.bmp,5
D:\labs\painty_tool\imgs/409.bmp,5
D:\labs\painty_tool\imgs/410.bmp,5
D:\labs\painty_tool\imgs/411.bmp,5
D:\labs\painty_tool\imgs/412.bmp,5
D:\labs\painty_tool\imgs/413.bmp,5
D:\labs\painty_tool\imgs/414.bmp,5
D:\labs\painty_tool\imgs/415.bmp,5
D:\labs\painty_tool\imgs/416.bmp,5
D:\labs\painty_tool\imgs/417.bmp,5
D:\labs\painty_tool\imgs/418.bmp,5
D:\labs\painty_tool\imgs/419.bmp,5
D:\labs\painty_tool\imgs/420.bmp,5
D:\labs\painty_tool\imgs/421.bmp,5
D:\labs\painty_tool\imgs/422.bmp,5
D:\labs\painty_tool\imgs/423.bmp,5
D:\labs\painty_tool\imgs/424.bmp,5
D:\labs\painty_tool\imgs/425.bmp,5
D:\labs\painty_tool\imgs/426.bmp,5
D:\labs\painty_tool\imgs/427.bmp,5
D:\labs\painty_tool\imgs/428.bmp,5
D:\labs\painty_tool\imgs/429.bmp,5
D:\labs\painty_tool\imgs/430.bmp,5
D:\labs\painty_tool\imgs/431.bmp,5
D:\labs\painty_tool\imgs/432.bmp,5
D:\labs\painty_tool\imgs/433.bmp,5
D:\labs\painty_tool\imgs/434.bmp,5
D:\labs\painty_tool\imgs/435.bmp,5
D:\labs\painty_tool\imgs/436.bmp,5
D:\labs\painty_tool\imgs/437.bmp,5
D:\labs\painty_tool\imgs/438.bmp,5
D:\labs\painty_tool\imgs/439.bmp,5
D:\labs\painty_tool\imgs/440.bmp,5
D:\labs\painty_tool\imgs/441.bmp,5
D:\labs\painty_tool\imgs/442.bmp,5
D:\labs\painty_tool\imgs/443.bmp,5
D:\labs\painty_tool\imgs/444.bmp,5
D:\labs\painty_tool\imgs/445.bmp,5
D:\labs\painty_tool\imgs/446.bmp,5
D:\labs\painty_tool\imgs/447.bmp,5
D:\labs\painty_tool\imgs/448.bmp,5
D:\labs\painty_tool\imgs/449.bmp,5
D:\labs\painty_tool\imgs/450.bmp,5
D:\labs\painty_tool\imgs/451.bmp,5
D:\labs\painty_tool\imgs/452.bmp,5
D:\labs\painty_tool\imgs/453.bmp,5
D:\labs\painty_tool\imgs/454.bmp,5
D:\labs\painty_tool\imgs/455.bmp,5
D:\labs\painty_tool\imgs/456.bmp,5
D:\labs\painty_tool\imgs/457.bmp,5
D:\labs\painty_tool\imgs/458.bmp,5
D:\labs\painty_tool\imgs/459.bmp,5
D:\labs\painty_tool\imgs/460.bmp,5
D:\labs\painty_tool\imgs/461.bmp,5
D:\labs\painty_tool\imgs/462.bmp,5
D:\labs\painty_tool\imgs/463.bmp,5
D:\labs\painty_tool\imgs/464.bmp,5
D:\labs\painty_tool\imgs/465.bmp,5
D:\labs\painty_tool\imgs/466.bmp,5
D:\labs\painty_tool\imgs/467.bmp,5
D:\labs\painty_tool\imgs/468.bmp,5
D:\labs\painty_tool\imgs/469.bmp,5
D:\labs\painty_tool\imgs/470.bmp,5
D:\labs\painty_tool\imgs/471.bmp,5
D:\labs\painty_tool\imgs/472.bmp,5
D:\labs\painty_tool\imgs/473.bmp,5
D:\labs\painty_tool\imgs/474.bmp,5
D:\labs\painty_tool\imgs/475.bmp,5
D:\labs\painty_tool\imgs/476.bmp,5
D:\labs\painty_tool\imgs/477.bmp,5
D:\labs\painty_tool\imgs/478.bmp,5
D:\labs\painty_tool\imgs/479.bmp,5
D:\labs\painty_tool\imgs/480.bmp,5
D:\labs\painty_tool\imgs/481.bmp,5
D:\labs\painty_tool\imgs/482.bmp,5
D:\labs\painty_tool\imgs/483.bmp,5
D:\labs\painty_tool\imgs/484.bmp,5
D:\labs\painty_tool\imgs/485.bmp,5
D:\labs\painty_tool\imgs/486.bmp,5
D:\labs\painty_tool\imgs/487.bmp,5
D:\labs\painty_tool\imgs/488.bmp,5
D:\labs\painty_tool\imgs/489.bmp,5
D:\labs\painty_tool\imgs/490.bmp,5
D:\labs\painty_tool\imgs/491.bmp,5
D:\labs\painty_tool\imgs/492.bmp,5
D:\labs\painty_tool\imgs/493.bmp,5
D:\labs\painty_tool\imgs/494.bmp,5
D:\labs\painty_tool\imgs/495.bmp,5
D:\labs\painty_tool\imgs/496.bmp,5
D:\labs\painty_tool\imgs/497.bmp,5
D:\labs\painty_tool\imgs/498.bmp,5
D:\labs\painty_tool\imgs/499.bmp,5
D:\labs\painty_tool\imgs/500.bmp,5
D:\labs\painty_tool\imgs/501.bmp,6
D:\labs\painty_tool\imgs/502.bmp,6
D:\labs\painty_tool\imgs/503.bmp,6
D:\labs\painty_tool\imgs/504.bmp,6
D:\labs\painty_tool\imgs/505.bmp,6
D:\labs\painty_tool\imgs/506.bmp,6
D:\labs\painty_tool\imgs/507.bmp,6
D:\labs\painty_tool\imgs/508.bmp,6
D:\labs\painty_tool\imgs/509.bmp,6
D:\labs\painty_tool\imgs/510.bmp,6
D:\labs\painty_tool\imgs/511.bmp,6
D:\labs\painty_tool\imgs/512.bmp,6
D:\labs\painty_tool\imgs/513.bmp,6
D:\labs\painty_tool\imgs/514.bmp,6
D:\labs\painty_tool\imgs/515.bmp,6
D:\labs\painty_tool\imgs/516.bmp,6
D:\labs\painty_tool\imgs/517.bmp,6
D:\labs\painty_tool\imgs/518.bmp,6
D:\labs\painty_tool\imgs/519.bmp,6
D:\labs\painty_tool\imgs/520.bmp,6
D:\labs\painty_tool\imgs/521.bmp,6
D:\labs\painty_tool\imgs/522.bmp,6
D:\labs\painty_tool\imgs/523.bmp,6
D:\labs\painty_tool\imgs/524.bmp,6
D:\labs\painty_tool\imgs/525.bmp,6
D:\labs\painty_tool\imgs/526.bmp,6
D:\labs\painty_tool\imgs/527.bmp,6
D:\labs\painty_tool\imgs/528.bmp,6
D:\labs\painty_tool\imgs/529.bmp,6
D:\labs\painty_tool\imgs/530.bmp,6
D:\labs\painty_tool\imgs/531.bmp,6
D:\labs\painty_tool\imgs/532.bmp,6
D:\labs\painty_tool\imgs/533.bmp,6
D:\labs\painty_tool\imgs/534.bmp,6
D:\labs\painty_tool\imgs/535.bmp,6
D:\labs\painty_tool\imgs/536.bmp,6
D:\labs\painty_tool\imgs/537.bmp,6
D:\labs\painty_tool\imgs/538.bmp,6
D:\labs\painty_tool\imgs/539.bmp,6
D:\labs\painty_tool\imgs/540.bmp,6
D:\labs\painty_tool\imgs/541.bmp,6
D:\labs\painty_tool\imgs/542.bmp,6
D:\labs\painty_tool\imgs/543.bmp,6
D:\labs\painty_tool\imgs/544.bmp,6
D:\labs\painty_tool\imgs/545.bmp,6
D:\labs\painty_tool\imgs/546.bmp,6
D:\labs\painty_tool\imgs/547.bmp,6
D:\labs\painty_tool\imgs/548.bmp,6
D:\labs\painty_tool\imgs/549.bmp,6
D:\labs\painty_tool\imgs/550.bmp,6
D:\labs\painty_tool\imgs/551.bmp,6
D:\labs\painty_tool\imgs/552.bmp,6
D:\labs\painty_tool\imgs/553.bmp,6
D:\labs\painty_tool\imgs/554.bmp,6
D:\labs\painty_tool\imgs/555.bmp,6
D:\labs\painty_tool\imgs/556.bmp,6
D:\labs\painty_tool\imgs/557.bmp,6
D:\labs\painty_tool\imgs/558.bmp,6
D:\labs\painty_tool\imgs/559.bmp,6
D:\labs\painty_tool\imgs/560.bmp,6
D:\labs\painty_tool\imgs/561.bmp,6
D:\labs\painty_tool\imgs/562.bmp,6
D:\labs\painty_tool\imgs/563.bmp,6
D:\labs\painty_tool\imgs/564.bmp,6
D:\labs\painty_tool\imgs/565.bmp,6
D:\labs\painty_tool\imgs/566.bmp,6
D:\labs\painty_tool\imgs/567.bmp,6
D:\labs\painty_tool\imgs/568.bmp,6
D:\labs\painty_tool\imgs/569.bmp,6
D:\labs\painty_tool\imgs/570.bmp,6
D:\labs\painty_tool\imgs/571.bmp,6
D:\labs\painty_tool\imgs/572.bmp,6
D:\labs\painty_tool\imgs/573.bmp,6
D:\labs\painty_tool\imgs/574.bmp,6
D:\labs\painty_tool\imgs/575.bmp,6
D:\labs\painty_tool\imgs/576.bmp,6
D:\labs\painty_tool\imgs/577.bmp,6
D:\labs\painty_tool\imgs/578.bmp,6
D:\labs\painty_tool\imgs/579.bmp,6
D:\labs\painty_tool\imgs/580.bmp,6
D:\labs\painty_tool\imgs/581.bmp,6
D:\labs\painty_tool\imgs/582.bmp,6
D:\labs\painty_tool\imgs/583.bmp,6
D:\labs\painty_tool\imgs/584.bmp,6
D:\labs\painty_tool\imgs/585.bmp,6
D:\labs\painty_tool\imgs/586.bmp,6
D:\labs\painty_tool\imgs/587.bmp,6
D:\labs\painty_tool\imgs/588.bmp,6
D:\labs\painty_tool\imgs/589.bmp,6
D:\labs\painty_tool\imgs/590.bmp,6
D:\labs\painty_tool\imgs/591.bmp,6
D:\labs\painty_tool\imgs/592.bmp,6
D:\labs\painty_tool\imgs/593.bmp,6
D:\labs\painty_tool\imgs/594.bmp,6
D:\labs\painty_tool\imgs/595.bmp,6
D:\labs\painty_tool\imgs/596.bmp,6
D:\labs\painty_tool\imgs/597.bmp,6
D:\labs\painty_tool\imgs/598.bmp,6
D:\labs\painty_tool\imgs/599.bmp,6
D:\labs\painty_tool\imgs/600.bmp,6
D:\labs\painty_tool\imgs/601.bmp,7
D:\labs\painty_tool\imgs/602.bmp,7
D:\labs\painty_tool\imgs/603.bmp,7
D:\labs\painty_tool\imgs/604.bmp,7
D:\labs\painty_tool\imgs/605.bmp,7
D:\labs\painty_tool\imgs/606.bmp,7
D:\labs\painty_tool\imgs/607.bmp,7
D:\labs\painty_tool\imgs/608.bmp,7
D:\labs\painty_tool\imgs/609.bmp,7
D:\labs\painty_tool\imgs/610.bmp,7
D:\labs\painty_tool\imgs/611.bmp,7
D:\labs\painty_tool\imgs/612.bmp,7
D:\labs\painty_tool\imgs/613.bmp,7
D:\labs\painty_tool\imgs/614.bmp,7
D:\labs\painty_tool\imgs/615.bmp,7
D:\labs\painty_tool\imgs/616.bmp,7
D:\labs\painty_tool\imgs/617.bmp,7
D:\labs\painty_tool\imgs/618.bmp,7
D:\labs\painty_tool\imgs/619.bmp,7
D:\labs\painty_tool\imgs/620.bmp,7
D:\labs\painty_tool\imgs/621.bmp,7
D:\labs\painty_tool\imgs/622.bmp,7
D:\labs\painty_tool\imgs/623.bmp,7
D:\labs\painty_tool\imgs/624.bmp,7
D:\labs\painty_tool\imgs/625.bmp,7
D:\labs\painty_tool\imgs/626.bmp,7
D:\labs\painty_tool\imgs/627.bmp,7
D:\labs\painty_tool\imgs/628.bmp,7
D:\labs\painty_tool\imgs/629.bmp,7
D:\labs\painty_tool\imgs/630.bmp,7
D:\labs\painty_tool\imgs/631.bmp,7
D:\labs\painty_tool\imgs/632.bmp,7
D:\labs\painty_tool\imgs/633.bmp,7
D:\labs\painty_tool\imgs/634.bmp,7
D:\labs\painty_tool\imgs/635.bmp,7
D:\labs\painty_tool\imgs/636.bmp,7
D:\labs\painty_tool\imgs/637.bmp,7
D:\labs\painty_tool\imgs/638.bmp,7
D:\labs\painty_tool\imgs/639.bmp,7
D:\labs\painty_tool\imgs/640.bmp,7
D:\labs\painty_tool\imgs/641.bmp,7
D:\labs\painty_tool\imgs/642.bmp,7
D:\labs\painty_tool\imgs/643.bmp,7
D:\labs\painty_tool\imgs/644.bmp,7
D:\labs\painty_tool\imgs/645.bmp,7
D:\labs\painty_tool\imgs/646.bmp,7
D:\labs\painty_tool\imgs/647.bmp,7
D:\labs\painty_tool\imgs/648.bmp,7
D:\labs\painty_tool\imgs/649.bmp,7
D:\labs\painty_tool\imgs/650.bmp,7
D:\labs\painty_tool\imgs/651.bmp,7
D:\labs\painty_tool\imgs/652.bmp,7
D:\labs\painty_tool\imgs/653.bmp,7
D:\labs\painty_tool\imgs/654.bmp,7
D:\labs\painty_tool\imgs/655.bmp,7
D:\labs\painty_tool\imgs/656.bmp,7
D:\labs\painty_tool\imgs/657.bmp,7
D:\labs\painty_tool\imgs/658.bmp,7
D:\labs\painty_tool\imgs/659.bmp,7
D:\labs\painty_tool\imgs/660.bmp,7
D:\labs\painty_tool\imgs/661.bmp,7
D:\labs\painty_tool\imgs/662.bmp,7
D:\labs\painty_tool\imgs/663.bmp,7
D:\labs\painty_tool\imgs/664.bmp,7
D:\labs\painty_tool\imgs/665.bmp,7
D:\labs\painty_tool\imgs/666.bmp,7
D:\labs\painty_tool\imgs/667.bmp,7
D:\labs\painty_tool\imgs/668.bmp,7
D:\labs\painty_tool\imgs/669.bmp,7
D:\labs\painty_tool\imgs/670.bmp,7
D:\labs\painty_tool\imgs/671.bmp,7
D:\labs\painty_tool\imgs/672.bmp,7
D:\labs\painty_tool\imgs/673.bmp,7
D:\labs\painty_tool\imgs/674.bmp,7
D:\labs\painty_tool\imgs/675.bmp,7
D:\labs\painty_tool\imgs/676.bmp,7
D:\labs\painty_tool\imgs/677.bmp,7
D:\labs\painty_tool\imgs/678.bmp,7
D:\labs\painty_tool\imgs/679.bmp,7
D:\labs\painty_tool\imgs/680.bmp,7
D:\labs\painty_tool\imgs/681.bmp,7
D:\labs\painty_tool\imgs/682.bmp,7
D:\labs\painty_tool\imgs/683.bmp,7
D:\labs\painty_tool\imgs/684.bmp,7
D:\labs\painty_tool\imgs/685.bmp,7
D:\labs\painty_tool\imgs/686.bmp,7
D:\labs\painty_tool\imgs/687.bmp,7
D:\labs\painty_tool\imgs/688.bmp,7
D:\labs\painty_tool\imgs/689.bmp,7
D:\labs\painty_tool\imgs/690.bmp,7
D:\labs\painty_tool\imgs/691.bmp,7
D:\labs\painty_tool\imgs/692.bmp,7
D:\labs\painty_tool\imgs/693.bmp,7
D:\labs\painty_tool\imgs/694.bmp,7
D:\labs\painty_tool\imgs/695.bmp,7
D:\labs\painty_tool\imgs/696.bmp,7
D:\labs\painty_tool\imgs/697.bmp,7
D:\labs\painty_tool\imgs/698.bmp,7
D:\labs\painty_tool\imgs/699.bmp,7
D:\labs\painty_tool\imgs/700.bmp,7
D:\labs\painty_tool\imgs/701.bmp,8
D:\labs\painty_tool\imgs/702.bmp,8
D:\labs\painty_tool\imgs/703.bmp,8
D:\labs\painty_tool\imgs/704.bmp,8
D:\labs\painty_tool\imgs/705.bmp,8
D:\labs\painty_tool\imgs/706.bmp,8
D:\labs\painty_tool\imgs/707.bmp,8
D:\labs\painty_tool\imgs/708.bmp,8
D:\labs\painty_tool\imgs/709.bmp,8
D:\labs\painty_tool\imgs/710.bmp,8
D:\labs\painty_tool\imgs/711.bmp,8
D:\labs\painty_tool\imgs/712.bmp,8
D:\labs\painty_tool\imgs/713.bmp,8
D:\labs\painty_tool\imgs/714.bmp,8
D:\labs\painty_tool\imgs/715.bmp,8
D:\labs\painty_tool\imgs/716.bmp,8
D:\labs\painty_tool\imgs/717.bmp,8
D:\labs\painty_tool\imgs/718.bmp,8
D:\labs\painty_tool\imgs/719.bmp,8
D:\labs\painty_tool\imgs/720.bmp,8
D:\labs\painty_tool\imgs/721.bmp,8
D:\labs\painty_tool\imgs/722.bmp,8
D:\labs\painty_tool\imgs/723.bmp,8
D:\labs\painty_tool\imgs/724.bmp,8
D:\labs\painty_tool\imgs/725.bmp,8
D:\labs\painty_tool\imgs/726.bmp,8
D:\labs\painty_tool\imgs/727.bmp,8
D:\labs\painty_tool\imgs/728.bmp,8
D:\labs\painty_tool\imgs/729.bmp,8
D:\labs\painty_tool\imgs/730.bmp,8
D:\labs\painty_tool\imgs/731.bmp,8
D:\labs\painty_tool\imgs/732.bmp,8
D:\labs\painty_tool\imgs/733.bmp,8
D:\labs\painty_tool\imgs/734.bmp,8
D:\labs\painty_tool\imgs/735.bmp,8
D:\labs\painty_tool\imgs/736.bmp,8
D:\labs\painty_tool\imgs/737.bmp,8
D:\labs\painty_tool\imgs/738.bmp,8
D:\labs\painty_tool\imgs/739.bmp,8
D:\labs\painty_tool\imgs/740.bmp,8
D:\labs\painty_tool\imgs/741.bmp,8
D:\labs\painty_tool\imgs/742.bmp,8
D:\labs\painty_tool\imgs/743.bmp,8
D:\labs\painty_tool\imgs/744.bmp,8
D:\labs\painty_tool\imgs/745.bmp,8
D:\labs\painty_tool\imgs/746.bmp,8
D:\labs\painty_tool\imgs/747.bmp,8
D:\labs\painty_tool\imgs/748.bmp,8
D:\labs\painty_tool\imgs/749.bmp,8
D:\labs\painty_tool\imgs/750.bmp,8
D:\labs\painty_tool\imgs/751.bmp,8
D:\labs\painty_tool\imgs/752.bmp,8
D:\labs\painty_tool\imgs/753.bmp,8
D:\labs\painty_tool\imgs/754.bmp,8
D:\labs\painty_tool\imgs/755.bmp,8
D:\labs\painty_tool\imgs/756.bmp,8
D:\labs\painty_tool\imgs/757.bmp,8
D:\labs\painty_tool\imgs/758.bmp,8
D:\labs\painty_tool\imgs/759.bmp,8
D:\labs\painty_tool\imgs/760.bmp,8
D:\labs\painty_tool\imgs/761.bmp,8
D:\labs\painty_tool\imgs/762.bmp,8
D:\labs\painty_tool\imgs/763.bmp,8
D:\labs\painty_tool\imgs/764.bmp,8
D:\labs\painty_tool\imgs/765.bmp,8
D:\labs\painty_tool\imgs/766.bmp,8
D:\labs\painty_tool\imgs/767.bmp,8
D:\labs\painty_tool\imgs/768.bmp,8
D:\labs\painty_tool\imgs/769.bmp,8
D:\labs\painty_tool\imgs/770.bmp,8
D:\labs\painty_tool\imgs/771.bmp,8
D:\labs\painty_tool\imgs/772.bmp,8
D:\labs\painty_tool\imgs/773.bmp,8
D:\labs\painty_tool\imgs/774.bmp,8
D:\labs\painty_tool\imgs/775.bmp,8
D:\labs\painty_tool\imgs/776.bmp,8
D:\labs\painty_tool\imgs/777.bmp,8
D:\labs\painty_tool\imgs/778.bmp,8
D:\labs\painty_tool\imgs/779.bmp,8
D:\labs\painty_tool\imgs/780.bmp,8
D:\labs\painty_tool\imgs/781.bmp,8
D:\labs\painty_tool\imgs/782.bmp,8
D:\labs\painty_tool\imgs/783.bmp,8
D:\labs\painty_tool\imgs/784.bmp,8
D:\labs\painty_tool\imgs/785.bmp,8
D:\labs\painty_tool\imgs/786.bmp,8
D:\labs\painty_tool\imgs/787.bmp,8
D:\labs\painty_tool\imgs/788.bmp,8
D:\labs\painty_tool\imgs/789.bmp,8
D:\labs\painty_tool\imgs/790.bmp,8
D:\labs\painty_tool\imgs/791.bmp,8
D:\labs\painty_tool\imgs/792.bmp,8
D:\labs\painty_tool\imgs/793.bmp,8
D:\labs\painty_tool\imgs/794.bmp,8
D:\labs\painty_tool\imgs/795.bmp,8
D:\labs\painty_tool\imgs/796.bmp,8
D:\labs\painty_tool\imgs/797.bmp,8
D:\labs\painty_tool\imgs/798.bmp,8
D:\labs\painty_tool\imgs/799.bmp,8
D:\labs\painty_tool\imgs/800.bmp,8
D:\labs\painty_tool\imgs/801.bmp,9
D:\labs\painty_tool\imgs/802.bmp,9
D:\labs\painty_tool\imgs/803.bmp,9
D:\labs\painty_tool\imgs/804.bmp,9
D:\labs\painty_tool\imgs/805.bmp,9
D:\labs\painty_tool\imgs/806.bmp,9
D:\labs\painty_tool\imgs/807.bmp,9
D:\labs\painty_tool\imgs/808.bmp,9
D:\labs\painty_tool\imgs/809.bmp,9
D:\labs\painty_tool\imgs/810.bmp,9
D:\labs\painty_tool\imgs/811.bmp,9
D:\labs\painty_tool\imgs/812.bmp,9
D:\labs\painty_tool\imgs/813.bmp,9
D:\labs\painty_tool\imgs/814.bmp,9
D:\labs\painty_tool\imgs/815.bmp,9
D:\labs\painty_tool\imgs/816.bmp,9
D:\labs\painty_tool\imgs/817.bmp,9
D:\labs\painty_tool\imgs/818.bmp,9
D:\labs\painty_tool\imgs/819.bmp,9
D:\labs\painty_tool\imgs/820.bmp,9
D:\labs\painty_tool\imgs/821.bmp,9
D:\labs\painty_tool\imgs/822.bmp,9
D:\labs\painty_tool\imgs/823.bmp,9
D:\labs\painty_tool\imgs/824.bmp,9
D:\labs\painty_tool\imgs/825.bmp,9
D:\labs\painty_tool\imgs/826.bmp,9
D:\labs\painty_tool\imgs/827.bmp,9
D:\labs\painty_tool\imgs/828.bmp,9
D:\labs\painty_tool\imgs/829.bmp,9
D:\labs\painty_tool\imgs/830.bmp,9
D:\labs\painty_tool\imgs/831.bmp,9
D:\labs\painty_tool\imgs/832.bmp,9
D:\labs\painty_tool\imgs/833.bmp,9
D:\labs\painty_tool\imgs/834.bmp,9
D:\labs\painty_tool\imgs/835.bmp,9
D:\labs\painty_tool\imgs/836.bmp,9
D:\labs\painty_tool\imgs/837.bmp,9
D:\labs\painty_tool\imgs/838.bmp,9
D:\labs\painty_tool\imgs/839.bmp,9
D:\labs\painty_tool\imgs/840.bmp,9
D:\labs\painty_tool\imgs/841.bmp,9
D:\labs\painty_tool\imgs/842.bmp,9
D:\labs\painty_tool\imgs/843.bmp,9
D:\labs\painty_tool\imgs/844.bmp,9
D:\labs\painty_tool\imgs/845.bmp,9
D:\labs\painty_tool\imgs/846.bmp,9
D:\labs\painty_tool\imgs/847.bmp,9
D:\labs\painty_tool\imgs/848.bmp,9
D:\labs\painty_tool\imgs/849.bmp,9
D:\labs\painty_tool\imgs/850.bmp,9
D:\labs\painty_tool\imgs/851.bmp,9
D:\labs\painty_tool\imgs/852.bmp,9
D:\labs\painty_tool\imgs/853.bmp,9
D:\labs\painty_tool\imgs/854.bmp,9
D:\labs\painty_tool\imgs/855.bmp,9
D:\labs\painty_tool\imgs/856.bmp,9
D:\labs\painty_tool\imgs/857.bmp,9
D:\labs\painty_tool\imgs/858.bmp,9
D:\labs\painty_tool\imgs/859.bmp,9
D:\labs\painty_tool\imgs/860.bmp,9
D:\labs\painty_tool\imgs/861.bmp,9
D:\labs\painty_tool\imgs/862.bmp,9
D:\labs\painty_tool\imgs/863.bmp,9
D:\labs\painty_tool\imgs/864.bmp,9
D:\labs\painty_tool\imgs/865.bmp,9
D:\labs\painty_tool\imgs/866.bmp,9
D:\labs\painty_tool\imgs/867.bmp,9
D:\labs\painty_tool\imgs/868.bmp,9
D:\labs\painty_tool\imgs/869.bmp,9
D:\labs\painty_tool\imgs/870.bmp,9
D:\labs\painty_tool\imgs/871.bmp,9
D:\labs\painty_tool\imgs/872.bmp,9
D:\labs\painty_tool\imgs/873.bmp,9
D:\labs\painty_tool\imgs/874.bmp,9
D:\labs\painty_tool\imgs/875.bmp,9
D:\labs\painty_tool\imgs/876.bmp,9
D:\labs\painty_tool\imgs/877.bmp,9
D:\labs\painty_tool\imgs/878.bmp,9
D:\labs\painty_tool\imgs/879.bmp,9
D:\labs\painty_tool\imgs/880.bmp,9
D:\labs\painty_tool\imgs/881.bmp,9
D:\labs\painty_tool\imgs/882.bmp,9
D:\labs\painty_tool\imgs/883.bmp,9
D:\labs\painty_tool\imgs/884.bmp,9
D:\labs\painty_tool\imgs/885.bmp,9
D:\labs\painty_tool\imgs/886.bmp,9
D:\labs\painty_tool\imgs/887.bmp,9
D:\labs\painty_tool\imgs/888.bmp,9
D:\labs\painty_tool\imgs/889.bmp,9
D:\labs\painty_tool\imgs/890.bmp,9
D:\labs\painty_tool\imgs/891.bmp,9
D:\labs\painty_tool\imgs/892.bmp,9
D:\labs\painty_tool\imgs/893.bmp,9
D:\labs\painty_tool\imgs/894.bmp,9
D:\labs\painty_tool\imgs/895.bmp,9
D:\labs\painty_tool\imgs/896.bmp,9
D:\labs\painty_tool\imgs/897.bmp,9
D:\labs\painty_tool\imgs/898.bmp,9
D:\labs\painty_tool\imgs/899.bmp,9
D:\labs\painty_tool\imgs/900.bmp,9
D:\labs\painty_tool\imgs/901.bmp,0
D:\labs\painty_tool\imgs/902.bmp,0
D:\labs\painty_tool\imgs/903.bmp,0
D:\labs\painty_tool\imgs/904.bmp,0
D:\labs\painty_tool\imgs/905.bmp,0
D:\labs\painty_tool\imgs/906.bmp,0
D:\labs\painty_tool\imgs/907.bmp,0
D:\labs\painty_tool\imgs/908.bmp,0
D:\labs\painty_tool\imgs/909.bmp,0
D:\labs\painty_tool\imgs/910.bmp,0
D:\labs\painty_tool\imgs/911.bmp,0
D:\labs\painty_tool\imgs/912.bmp,0
D:\labs\painty_tool\imgs/913.bmp,0
D:\labs\painty_tool\imgs/914.bmp,0
D:\labs\painty_tool\imgs/915.bmp,0
D:\labs\painty_tool\imgs/916.bmp,0
D:\labs\painty_tool\imgs/917.bmp,0
D:\labs\painty_tool\imgs/918.bmp,0
D:\labs\painty_tool\imgs/919.bmp,0
D:\labs\painty_tool\imgs/920.bmp,0
D:\labs\painty_tool\imgs/921.bmp,0
D:\labs\painty_tool\imgs/922.bmp,0
D:\labs\painty_tool\imgs/923.bmp,0
D:\labs\painty_tool\imgs/924.bmp,0
D:\labs\painty_tool\imgs/925.bmp,0
D:\labs\painty_tool\imgs/926.bmp,0
D:\labs\painty_tool\imgs/927.bmp,0
D:\labs\painty_tool\imgs/928.bmp,0
D:\labs\painty_tool\imgs/929.bmp,0
D:\labs\painty_tool\imgs/930.bmp,0
D:\labs\painty_tool\imgs/931.bmp,0
D:\labs\painty_tool\imgs/932.bmp,0
D:\labs\painty_tool\imgs/933.bmp,0
D:\labs\painty_tool\imgs/934.bmp,0
D:\labs\painty_tool\imgs/935.bmp,0
D:\labs\painty_tool\imgs/936.bmp,0
D:\labs\painty_tool\imgs/937.bmp,0
D:\labs\painty_tool\imgs/938.bmp,0
D:\labs\painty_tool\imgs/939.bmp,0
D:\labs\painty_tool\imgs/940.bmp,0
D:\labs\painty_tool\imgs/941.bmp,0
D:\labs\painty_tool\imgs/942.bmp,0
D:\labs\painty_tool\imgs/943.bmp,0
D:\labs\painty_tool\imgs/944.bmp,0
D:\labs\painty_tool\imgs/945.bmp,0
D:\labs\painty_tool\imgs/946.bmp,0
D:\labs\painty_tool\imgs/947.bmp,0
D:\labs\painty_tool\imgs/948.bmp,0
D:\labs\painty_tool\imgs/949.bmp,0
D:\labs\painty_tool\imgs/950.bmp,0
D:\labs\painty_tool\imgs/951.bmp,0
D:\labs\painty_tool\imgs/952.bmp,0
D:\labs\painty_tool\imgs/953.bmp,0
D:\labs\painty_tool\imgs/954.bmp,0
D:\labs\painty_tool\imgs/955.bmp,0
D:\labs\painty_tool\imgs/956.bmp,0
D:\labs\painty_tool\imgs/957.bmp,0
D:\labs\painty_tool\imgs/958.bmp,0
D:\labs\painty_tool\imgs/959.bmp,0
D:\labs\painty_tool\imgs/960.bmp,0
D:\labs\painty_tool\imgs/961.bmp,0
D:\labs\painty_tool\imgs/962.bmp,0
D:\labs\painty_tool\imgs/963.bmp,0
D:\labs\painty_tool\imgs/964.bmp,0
D:\labs\painty_tool\imgs/965.bmp,0
D:\labs\painty_tool\imgs/966.bmp,0
D:\labs\painty_tool\imgs/967.bmp,0
D:\labs\painty_tool\imgs/968.bmp,0
D:\labs\painty_tool\imgs/969.bmp,0
D:\labs\painty_tool\imgs/970.bmp,0
D:\labs\painty_tool\imgs/971.bmp,0
D:\labs\painty_tool\imgs/972.bmp,0
D:\labs\painty_tool\imgs/973.bmp,0
D:\labs\painty_tool\imgs/974.bmp,0
D:\labs\painty_tool\imgs/975.bmp,0
D:\labs\painty_tool\imgs/976.bmp,0
D:\labs\painty_tool\imgs/977.bmp,0
D:\labs\painty_tool\imgs/978.bmp,0
D:\labs\painty_tool\imgs/979.bmp,0
D:\labs\painty_tool\imgs/980.bmp,0
D:\labs\painty_tool\imgs/981.bmp,0
D:\labs\painty_tool\imgs/982.bmp,0
D:\labs\painty_tool\imgs/983.bmp,0
D:\labs\painty_tool\imgs/984.bmp,0
D:\labs\painty_tool\imgs/985.bmp,0
D:\labs\painty_tool\imgs/986.bmp,0
D:\labs\painty_tool\imgs/987.bmp,0
D:\labs\painty_tool\imgs/988.bmp,0
D:\labs\painty_tool\imgs/989.bmp,0
D:\labs\painty_tool\imgs/990.bmp,0
D:\labs\painty_tool\imgs/991.bmp,0
D:\labs\painty_tool\imgs/992.bmp,0
D:\labs\painty_tool\imgs/993.bmp,0
D:\labs\painty_tool\imgs/994.bmp,0
D:\labs\painty_tool\imgs/995.bmp,0
D:\labs\painty_tool\imgs/996.bmp,0
D:\labs\painty_tool\imgs/997.bmp,0
D:\labs\painty_tool\imgs/998.bmp,0
D:\labs\painty_tool\imgs/999.bmp,0
D:\labs\painty_tool\imgs/1000.bmp,0
